Left,Right
123,133
37,120
68,64
91,126
27,65
137,57
129,41
23,105
77,72
77,98
63,10
29,53
127,10
109,82
134,117
102,83
19,76
1,125
132,26
35,36
142,64
99,98
141,29
22,107
42,6
46,21
128,12
83,129
64,24
63,73
68,83
119,49
145,9
51,41
74,82
76,7
91,135
30,68
25,60
126,115
39,2
36,71
28,66
134,47
128,137
32,100
65,97
82,108
125,130
46,124
117,110
11,76
37,73
104,19
62,93
85,99
28,70
125,39
55,65
104,2
100,2
48,23
65,27
128,149
42,146
122,49
98,142
91,100
12,42
125,37
119,97
41,66
1,136
26,114
20,85
105,71
130,25
96,4
80,144
14,96
43,5
35,8
93,68
75,26
8,72
115,129
24,47
140,23
138,73
116,60
20,21
144,94
113,98
44,40
26,63
136,79
33,80
81,71
134,48
123,63
63,140
131,92
143,132
143,5
144,122
53,30
55,63
95,52
147,16
73,21
85,67
87,7
64,131
138,134
143,93
7,145
109,63
84,7
71,75
57,33
56,102
98,63
90,146
85,20
75,84
84,3
46,101
64,66
5,108
30,47
46,147
18,57
30,6
59,112
26,143
68,100
65,134
54,8
31,3
85,47
44,126
90,27
79,38
116,145
32,61
39,29
80,35
47,50
95,132
17,75
127,60
63,80
80,103
129,36
18,101
32,26
64,60
90,145
11,34
36,86
139,129
127,53
105,45
136,94
109,102
54,64
131,108
124,131
6,116
106,7
85,76
95,44
26,98
62,99
113,54
18,137
10,64
29,20
6,22
106,80
101,139
143,90
26,73
74,87
39,8
95,90
89,132
48,33
66,49
17,1
7,113
7,130
149,12
71,93
1,67
30,138
106,54
63,110
45,38
80,133
106,122
117,124
55,36
119,134
97,111
28,72
25,124
24,27
56,71
143,126
60,82
127,91
32,19
79,145
81,136
18,110
71,45
64,35
53,122
104,115
62,37
65,139
15,43
145,130
104,50
142,84
15,16
2,25
134,110
120,113
58,98
51,121
76,122
40,137
77,29
102,140
55,23
126,11
105,7
4,84
22,136
70,108
74,6
101,143
31,92
26,119
119,7
2,95
43,78
94,19
15,72
7,120
50,126
48,14
11,16
12,68
6,103
47,101
38,130
17,32
125,47
53,82
92,31
100,47
50,47
83,20
32,72
10,31
38,57
69,38
5,79
40,147
52,27
63,109
74,52
94,25
62,2
64,17
88,132
105,4
91,141
25,83
144,15
111,90
110,61
105,55
6,127
114,30
118,8
139,88
27,67
76,33
2,52
90,39
141,78
148,4
90,132
129,14
90,48
39,70
124,14
32,48
68,92
51,143
85,50
112,96
118,89
47,70
26,48
13,102
109,95
118,93
105,19
85,48
72,43
5,52
42,126
97,64
75,30
140,44
138,66
12,142
76,60
46,10
95,82
70,148
111,4
37,147
13,115
78,10
57,114
20,64
28,67
121,127
147,64
33,84
82,115
96,35
32,88
50,113
54,5
142,72
1,121
104,83
126,31
15,35
137,42
128,83
26,55
104,24
127,125
89,82
103,138
141,102
96,67
9,106
120,146
10,79
136,74
96,31
139,26
43,124
24,64
2,48
37,46
15,74
70,15
64,108
81,45
41,114
108,142
118,19
15,75
29,40
119,48
28,73
67,81
138,26
147,145
18,23
137,62
77,46
24,81
39,81
100,79
45,147
115,91
119,120
115,65
117,36
43,54
104,146
64,107
112,6
45,90
84,52
28,123
141,83
120,12
19,4
105,108
113,50
3,16
41,1
34,93
48,28
88,135
106,117
23,40
140,95
100,10
42,59
149,90
130,128
114,2
64,47
105,39
35,86
45,68
136,19
62,87
81,78
146,143
99,15
118,148
33,9
87,1
129,108
143,16
141,82
143,6
8,122
52,11
111,46
76,18
128,95
77,51
124,72
135,49
87,145
119,92
32,35
83,141
39,114
68,145
126,101
1,82
8,36
31,94
148,80
13,21
82,69
59,79
105,66
35,84
4,137
47,18
127,145
138,46
125,9
49,92
10,39
136,90
87,96
139,65
131,75
93,32
54,82
146,48
72,34
75,3
125,96
38,31
61,98
15,141
49,10
125,23
68,85
60,7
67,47
112,10
127,19
91,101
12,139
60,41
52,82
48,101
49,105
143,81
111,70
137,73
49,114
134,29
140,68
100,97
141,149
110,64
98,122
29,146
94,38
73,142
72,124
31,65
136,16
12,45
110,104
8,48
97,140
22,98
66,139
125,14
120,7
57,68
111,13
102,147
126,85
29,94
119,29
80,128
141,93
16,33
27,64
44,60
33,46
23,130
25,44
3,146
106,73
44,5
142,96
68,62
17,109
28,68
115,142
146,125
101,32
33,63
35,59
105,16
38,89
107,9
120,22
7,17
24,17
136,4
36,81
87,95
69,29
132,143
24,66
85,118
47,32
46,136
27,70
84,134
147,76
146,98
115,121
90,30
139,145
44,30
48,39
92,140
2,115
120,141
145,89
36,111
109,75
103,55
83,85
123,130
146,71
45,135
47,142
38,73
70,141
138,82
112,72
80,63
63,27
85,83
147,69
65,122
61,77
113,105
70,115
44,98
108,50
3,12
93,129
115,83
23,28
46,32
135,92
108,87
141,42
29,107
128,103
34,30
68,139
58,77
45,144
46,37
14,59
117,58
43,142
104,10
136,135
125,131
7,85
75,10
133,81
52,9
39,38
73,37
92,89
54,109
22,10
56,135
36,59
146,38
96,143
102,79
26,68
45,1
141,15
38,13
56,34
134,120
43,125
116,76
70,16
65,38
85,106
26,66
104,91
93,59
146,30
60,9
38,83
41,80
138,143
17,54
75,24
34,44
39,99
9,61
39,90
97,9
20,7
27,25
103,142
54,50
39,78
24,108
73,93
32,55
147,126
109,125
21,14
91,29
50,33
132,36
10,81
138,1
36,89
12,128
68,96
83,52
83,1
34,103
108,76
42,28
70,71
42,148
23,121
15,21
106,93
87,58
5,21
74,137
53,130
35,48
86,59
124,64
75,144
126,21
131,51
69,147
109,30
38,10
86,93
49,26
109,16
95,112
87,59
118,38
138,25
107,114
6,23
90,131
83,22
73,30
140,109
24,83
15,36
88,74
56,64
106,17
52,90
126,88
44,74
40,88
132,52
98,19
46,2
94,26
102,98
84,125
144,102
27,74
80,2
15,123
147,52
68,61
76,74
34,74
18,64
77,106
121,131
13,74
16,88
66,22
114,92
105,40
61,81
21,8
101,47
111,25
63,28
96,114
51,10
3,89
139,55
15,78
140,137
145,142
149,100
136,1
32,39
115,71
53,85
71,69
74,63
63,39
94,146
18,149
40,111
8,131
67,17
134,30
68,17
48,25
132,118
35,95
134,71
45,95
74,126
58,25
3,72
33,132
148,113
41,126
117,48
109,121
32,125
44,50
120,81
44,6
115,25
92,16
127,3
35,66
105,60
81,148
148,107
133,136
55,87
79,131
13,139
35,65
13,67
43,8
6,13
92,68
144,25
48,78
137,3
19,64
68,38
141,95
7,38
103,144
122,27
117,54
83,43
144,75
88,134
124,74
1,132
17,11
128,146
33,127
149,2
112,80
80,27
101,82
50,24
96,75
35,79
141,14
128,119
70,65
100,65
88,42
25,62
36,43
107,82
71,39
79,76
108,114
145,86
135,108
24,74
34,28
59,142
34,141
111,114
78,8
134,79
117,93
106,111
116,135
75,129
23,5
106,29
107,102
33,104
96,39
2,28
124,108
33,54
65,24
46,102
7,35
99,131
53,129
112,135
52,147
53,73
132,103
9,37
52,113
127,69
81,14
114,85
67,11
116,112
28,86
34,121
120,56
63,118
51,75
53,145
62,140
126,90
50,58
36,92
3,118
112,107
37,48
118,16
52,16
104,90
11,37
138,125
48,54
37,58
45,63
83,29
29,131
84,77
64,2
19,28
98,23
88,57
78,92
127,84
131,134
72,101
89,141
22,147
25,57
136,60
8,61
146,66
2,114
149,21
118,26
35,116
44,11
120,108
19,5
1,142
98,67
66,21
52,85
140,80
80,83
102,60
81,143
18,120
61,139
23,9
68,137
48,50
10,89
139,63
93,101
109,79
91,3
57,127
93,23
78,104
32,97
85,75
148,86
6,124
36,115
17,7
56,39
137,6
20,1
77,97
113,134
123,124
17,46
94,59
19,105
144,139
89,93
56,38
148,93
60,17
88,47
36,28
56,90
8,17
23,71
126,127
80,5
16,49
4,96
80,101
50,32
32,131
55,48
4,126
103,99
41,118
81,12
53,93
129,15
113,75
110,83
84,28
56,86
43,121
42,24
81,130
1,144
24,88
8,2
96,112
78,33
107,110
32,16
111,89
82,19
9,125
115,107
78,11
49,87
59,135
77,121
30,141
85,40
52,68
26,31
97,138
74,102
70,124
147,101
84,105
115,15
116,66
66,146
67,42
94,107
136,109
43,74
93,120
88,50
53,71
45,18
32,18
68,54
29,121
4,146
7,77
90,45
70,44
128,42
94,14
20,101
136,71
130,6
125,135
102,109
82,48
9,67
149,44
77,6
82,129
116,24
9,14
9,84
47,12
17,131
49,130
136,34
125,62
44,107
19,89
124,85
83,120
13,8
120,14
63,45
40,133
8,147
20,106
58,18
11,111
73,102
112,8
124,37
66,36
29,147
86,15
105,42
51,145
56,96
147,117
106,85
99,44
74,145
89,27
49,44
65,67
98,16
124,59
36,32
141,112
146,124
99,85
147,37
23,135
135,27
51,42
1,113
48,143
26,36
91,139
89,128
30,10
110,75
76,120
24,72
43,102
92,105
88,29
32,93
100,77
2,101
136,129
138,87
115,130
136,26
22,67
108,45
87,35
21,67
84,36
139,22
2,102
114,10
37,130
141,26
79,5
28,15
31,122
138,121
53,1
21,148
90,37
145,148
54,91
139,20
35,115
70,38
83,69
42,86
149,28
2,143
88,101
113,101
90,108
10,123
127,61
122,72
61,43
74,22
40,27
56,63
17,101
32,50
9,97
27,144
55,45
103,86
25,96
64,79
111,81
30,79
84,74
14,20
142,79
55,3
91,22
11,62
33,130
71,120
90,122
24,93
43,45
25,2
69,81
80,9
39,82
52,62
19,58
145,87
122,131
15,90
24,82
13,148
26,64
11,58
82,33
70,57
22,58
109,7
127,124
130,91
135,36
60,91
132,15
36,78
95,25
117,46
137,149
91,114
11,55
3,7
66,45
2,47
41,30
15,64
33,71
123,96
106,25
146,29
139,48
74,127
87,141
71,143
27,17
94,136
39,10
49,83
98,32
7,135
17,58
52,118
116,3
7,101
140,62
95,146
27,93
46,18
54,110
124,110
43,60
79,6
51,36
20,39
5,63
130,87
36,87
33,143
67,21
35,73
72,96
80,82
114,138
81,139
6,145
5,4
126,9
22,117
111,126
141,74
149,52
114,108
63,86
41,92
107,56
9,96
19,54
122,115
52,137
26,146
44,130
22,53
118,132
120,60
125,139
103,22
21,146
71,99
1,39
130,32
101,75
126,112
34,22
69,47
89,3
64,23
146,37
3,55
104,86
123,119
113,110
42,102
135,16
5,112
89,20
61,9
51,89
109,137
13,134
86,97
11,80
102,148
18,45
23,146
4,20
7,99
109,81
119,51
148,75
109,1
69,119
139,4
97,38
53,45
3,28
26,120
129,76
149,122
113,90
97,10
34,143
68,50
19,102
4,37
120,101
108,65
33,61
14,3
140,99
20,144
71,56
74,79
7,65
84,88
9,6
25,22
114,128
76,16
133,28
115,53
27,26
27,68
111,99
141,91
28,96
50,93
134,129
63,35
101,10
20,147
124,112
62,70
77,64
17,143
84,56
41,104
30,20
109,96
146,114
46,100
11,140
50,65
61,10
87,51
74,54
103,113
132,17
114,119
132,113
77,25
75,79
138,129
115,8
109,62
97,121
10,136
108,26
60,19
142,29
123,117
117,143
132,135
46,48
101,67
93,75
102,23
120,25
130,132
81,113
125,123
46,36
84,131
140,114
138,14
103,120
3,65
98,128
50,5
80,76
109,120
144,34
39,98
57,117
123,46
106,65
66,130
125,16
110,4
7,28
15,93
68,53
52,37
17,26
145,90
29,79
42,33
120,109
99,141
105,47
108,126
37,96
78,97
50,20
49,3
49,84
87,103
76,149
77,27
103,54
30,31
92,72
106,26
107,125
109,72
59,48
78,141
13,121
149,1
125,128
59,40
124,77
65,26
56,149
23,108
27,82
94,87
132,114
14,34
86,12
122,120
55,58
58,126
9,141
90,65
85,3
149,114
91,104
86,55
26,117
9,137
60,119
7,138
107,96
96,84
66,63
18,133
39,58
112,31
143,111
122,85
29,99
50,96
45,49
52,107
114,82
44,31
104,51
41,100
97,8
103,90
86,135
103,65
87,113
126,120
36,122
86,20
100,135
37,122
28,129
133,40
31,144
116,13
95,41
116,126
72,120
105,84
11,89
90,134
45,127
99,144
138,11
126,53
102,107
147,124
87,39
136,92
48,59
27,37
64,9
144,108
65,138
91,89
15,3
99,39
95,55
13,73
73,123
51,45
49,1
104,81
25,106
146,43
55,146
35,126
41,102
119,109
4,129
142,22
78,137
57,128
96,117
115,136
130,55
36,88
128,108
96,132
55,137
3,25
82,83
43,82
50,90
58,121
39,116
132,145
13,46
125,99
76,134
38,106
146,127
81,65
140,14
124,50
120,83
69,138
33,107
128,46
126,38
105,12
120,131
141,7
46,149
79,95
122,60
38,19
122,13
40,66
111,5
44,124
24,98
38,54
121,146
103,40
127,106
65,16
57,86
36,147
63,47
24,36
107,146
145,69
53,99
15,106
111,32
132,69
27,135
112,38
146,150
14,47
89,98
30,106
140,130
88,35
65,99
50,14
122,57
118,95
111,17
67,137
135,112
50,29
113,127
96,94
70,49
90,62
101,37
67,102
22,61
123,69
30,110
129,128
98,43
139,141
88,140
61,124
109,107
145,65
20,76
7,89
11,21
137,130
93,16
130,17
124,136
6,45
134,144
135,109
128,107
41,27
1,37
147,73
52,32
135,6
64,88
65,131
41,72
88,80
46,126
68,111
31,33
23,63
54,101
118,45
43,140
13,94
15,59
27,50
12,135
103,46
18,29
33,101
67,73
144,125
13,110
62,76
94,3
56,42
80,12
141,45
75,92
127,77
15,9
121,15
78,32
149,22
9,115
111,37
112,24
90,40
96,148
47,25
141,79
85,64
121,28
16,109
81,20
19,75
109,69
95,30
19,16
73,8
135,83
33,96
68,146
10,109
84,18
34,14
98,49
84,47
56,47
26,44
86,134
30,17
2,22
69,136
92,75
40,52
118,63
18,61
16,133
71,44
92,145
20,10
117,106
38,127
81,112
100,110
35,105
147,25
57,36
55,91
37,47
58,54
65,140
8,134
129,140
120,139
140,75
83,125
68,70
97,142
93,8
145,11
25,147
133,7
121,10
35,93
85,31
7,37
74,9
88,40
121,33
83,100
6,17
132,29
134,42
87,28
122,10
46,118
85,32
27,11
59,31
37,3
46,45
130,16
117,85
47,29
111,102
60,101
28,63
13,50
59,105
146,107
147,15
109,76
2,137
9,32
11,67
71,65
129,125
114,43
52,46
32,22
50,76
12,119
13,19
111,64
9,28
46,17
94,77
132,37
114,148
140,52
96,127
96,29
12,75
123,142
17,57
36,120
140,78
105,137
15,145
104,23
14,131
105,124
1,38
47,145
53,128
26,52
14,5
86,102
76,99
125,36
105,59
20,56
110,112
44,101
62,46
118,60
17,137
38,58
26,112
66,97
84,109
41,121
62,149
45,145
13,125
125,2
113,107
140,111
101,126
81,95
45,13
95,16
66,56
103,148
114,42
37,81
77,59
135,114
25,91
49,90
128,52
94,127
18,34
146,84
71,32
129,106
50,107
134,43
86,104
40,68
143,31
60,58
62,101
103,100
109,117
125,121
115,59
94,117
65,21
38,87
1,135
89,144
41,90
12,28
1,145
38,55
104,106
46,114
94,28
62,100
51,14
91,81
12,111
82,138
23,16
17,107
96,66
104,100
106,63
90,31
32,47
92,58
77,99
44,38
10,13
106,103
63,57
64,134
36,67
98,100
17,43
53,7
54,18
42,107
118,22
145,127
52,116
59,127
31,52
132,129
23,114
128,140
58,148
143,57
124,119
39,23
140,108
49,24
81,33
1,116
103,62
115,149
132,3
120,5
102,93
93,98
77,36
18,50
69,115
112,90
60,120
139,71
91,4
37,51
100,146
82,85
13,23
47,147
13,128
43,97
133,52
60,93
30,112
142,16
7,23
148,102
86,4
16,90
74,64
114,95
112,123
67,141
42,88
113,2
120,19
138,36
88,106
62,132
120,126
75,25
25,58
77,75
109,90
33,72
109,8
77,135
23,75
138,32
143,8
80,98
24,99
121,8
15,45
81,34
84,129
50,74
147,36
28,19
45,14
133,113
107,100
138,108
1,110
12,1
29,120
102,13
24,15
50,35
148,6
129,74
117,68
149,24
148,117
48,24
113,30
122,7
127,34
78,57
128,94
74,142
76,36
15,114
52,80
41,51
50,31
97,144
66,35
8,40
45,149
82,52
97,86
108,77
60,87
46,90
117,131
128,79
106,49
87,85
31,149
23,18
41,77
92,37
144,8
140,136
39,135
120,114
88,100
65,33
139,41
60,99
67,65
58,89
51,122
52,3
130,131
1,2
58,1
74,91
120,26
96,68
147,107
20,77
78,124
84,118
87,66
71,76
46,6
27,57
75,2
48,44
141,96
49,41
78,95
119,148
43,149
68,25
53,107
142,30
122,17
20,42
12,4
11,41
56,123
22,132
45,60
89,104
75,110
34,58
132,83
45,41
93,144
104,57
62,72
79,100
139,40
127,119
111,123
66,53
137,134
44,53
24,65
58,9
69,50
44,34
131,12
47,52
133,90
130,79
20,33
139,100
109,97
59,96
135,1
91,77
133,129
116,79
109,19
48,20
14,44
9,1
106,141
70,80
133,47
46,108
67,99
21,83
10,38
39,85
71,29
136,17
115,87
8,135
50,49
141,128
106,46
7,32
74,92
113,114
124,60
27,18
68,8
84,6
72,26
109,47
82,100
71,30
11,46
101,8
104,15
36,8
88,5
90,93
51,100
101,128
126,123
121,140
81,66
94,50
126,3
78,28
3,9
129,83
129,75
30,74
147,38
147,22
28,110
104,73
105,145
69,112
142,40
39,47
110,40
63,26
71,147
123,138
137,48
17,133
21,38
30,130
142,23
32,40
72,60
71,17
115,135
103,11
36,56
138,23
138,136
62,23
55,109
27,59
100,31
68,14
71,132
6,5
131,142
32,81
49,120
99,16
58,139
34,137
57,53
15,57
3,34
4,1
113,99
134,90
115,113
13,84
14,80
8,25
6,83
93,90
15,120
98,12
77,61
78,37
64,96
118,144
30,122
91,118
89,50
146,52
113,41
56,100
12,23
121,29
44,3
104,142
78,136
3,88
69,90
117,41
21,11
88,111
90,54
107,115
69,14
49,77
95,106
34,45
123,108
109,38
42,13
74,46
14,75
9,79
113,56
74,23
10,80
143,125
108,95
124,71
10,94
9,144
147,12
11,138
141,142
34,125
142,139
134,65
14,128
46,75
48,126
103,116
39,12
129,87
73,121
85,81
16,123
52,138
26,27
88,20
45,66
106,61
13,127
121,56
65,45
24,85
12,87
76,63
139,15
125,137
130,76
11,120
45,122
88,41
52,141
68,118
46,82
65,144
17,35
86,66
8,112
82,78
105,18
69,17
27,96
23,118
88,119
87,52
77,127
63,20
86,142
102,132
92,42
9,90
134,82
51,3
30,131
135,121
117,9
105,107
101,27
68,78
53,36
9,147
11,1
49,115
134,133
69,35
49,136
39,101
52,69
112,75
93,105
129,130
10,85
67,124
82,68
98,138
5,62
115,61
23,77
147,148
39,144
25,102
18,19
16,34
26,50
91,49
44,29
147,42
60,109
130,21
125,1
34,65
88,52
98,27
107,74
1,15
106,96
26,77
80,48
22,83
16,7
81,109
106,36
84,51
67,25
89,14
114,129
62,84
77,110
94,13
111,39
56,20
147,41
125,120
10,65
36,9
135,129
83,148
22,3
58,140
128,76
145,103
118,94
147,111
120,100
107,122
68,97
81,80
77,147
9,148
141,19
25,125
49,135
101,64
108,25
96,46
93,69
62,106
3,5
132,49
49,99
16,19
144,68
19,142
53,48
81,60
20,113
86,16
112,76
35,23
96,118
56,29
78,72
121,61
72,65
100,26
65,61
87,20
84,93
35,71
97,77
130,117
26,61
30,26
111,51
136,146
122,121
125,75
16,11
59,144
142,35
74,138
142,26
12,110
14,135
24,23
78,76
59,78
6,128
26,67
1,71
19,68
106,66
108,102
39,33
100,75
125,117
48,89
77,143
53,26
27,12
122,87
7,146
105,110
73,143
12,19
40,124
39,35
32,92
59,15
38,11
69,148
33,14
73,89
59,63
36,99
33,134
55,76
143,37
148,129
69,132
126,106
91,13
102,10
100,42
126,24
132,64
134,9
132,148
108,52
123,99
50,48
128,90
93,77
63,71
55,6
71,22
63,22
117,7
29,31
20,129
145,117
84,58
67,55
115,99
75,58
80,86
64,147
83,7
144,104
42,17
82,96
118,9
88,67
65,8
50,77
148,65
117,22
119,38
63,145
110,120
94,86
77,13
50,145
67,3
71,122
135,142
17,66
2,5
29,14
54,24
117,43
115,56
42,3
85,26
47,96
10,66
91,74
53,56
71,131
121,124
68,125
104,101
53,27
141,125
24,144
39,112
69,80
134,108
89,15
129,61
50,43
5,40
31,2
96,43
130,99
18,31
124,89
87,81
147,137
63,43
120,82
141,36
22,141
103,82
61,147
28,76
83,41
119,9
149,123
86,81
27,98
68,16
68,77
72,98
41,78
44,115
111,12
21,19
13,147
84,19
59,111
36,30
116,5
60,104
130,144
82,74
102,46
82,30
45,9
7,114
73,77
80,50
91,67
40,140
80,33
120,95
106,126
51,112
81,47
54,135
9,70
80,64
47,149
47,42
22,129
14,136
149,56
94,110
115,69
35,101
75,89
29,54
48,45
104,119
148,135
26,58
142,83
58,146
33,102
43,10
95,122
95,80
104,74
76,140
104,75
59,92
86,47
144,42
65,40
111,6
119,40
85,49
40,89
28,79
75,33
116,113
4,75
47,14
47,83
54,16
42,50
86,11
56,18
141,70
13,82
122,96
47,84
33,24
103,94
50,16
78,25
128,32
90,2
77,60
69,102
49,8
98,127
65,102
133,94
123,9
105,2
66,129
115,131
26,42
139,10
60,81
13,77
110,125
105,21
51,20
78,74
149,15
140,69
57,65
143,94
107,55
12,65
124,70
113,60
50,123
137,13
121,145
39,28
42,38
116,77
96,13
53,47
107,70
91,83
149,65
79,87
50,72
46,24
8,81
41,122
136,70
77,85
92,84
123,136
76,104
139,90
8,127
138,4
145,108
39,22
48,47
68,19
14,145
16,99
132,56
110,7
24,33
66,59
45,27
38,35
38,1
57,11
104,53
108,99
46,115
89,100
101,59
39,50
75,31
137,111
36,100
28,23
48,138
94,1
2,39
99,36
68,67
139,51
30,33
78,41
106,114
77,137
81,150
56,140
89,26
34,78
15,26
131,86
9,130
63,99
114,75
70,60
74,83
149,8
10,105
130,121
100,24
114,124
131,128
95,115
83,140
103,134
24,14
65,143
62,114
144,71
148,39
79,142
32,77
72,145
55,136
137,18
43,17
16,53
68,35
55,149
119,118
89,23
90,79
23,104
130,14
59,125
101,122
28,37
88,104
48,12
3,105
51,73
48,116
19,21
63,36
129,146
9,21
137,123
84,46
104,131
108,5
119,105
76,23
123,118
21,103
18,10
55,85
118,33
85,80
113,148
69,53
14,143
27,132
100,98
61,46
40,13
139,84
51,33
67,146
50,140
11,103
28,138
20,62
55,117
142,119
147,139
119,5
35,99
92,114
24,95
50,139
5,120
111,103
66,92
99,81
69,77
28,147
61,7
38,119
13,72
108,31
19,25
26,126
105,76
45,15
15,22
21,28
127,33
122,123
119,116
81,52
101,95
98,40
121,40
106,147
121,39
127,29
149,36
15,126
131,65
102,87
99,59
132,126
40,114
1,104
2,79
32,113
115,60
52,15
3,110
118,121
36,1
135,141
122,76
126,94
132,81
120,93
49,15
58,12
124,132
61,60
111,11
71,80
30,54
143,140
89,61
77,53
139,69
44,1
81,137
86,107
123,50
142,58
146,36
127,58
82,53
28,80
115,114
23,100
88,30
64,44
43,11
32,41
103,136
120,62
84,38
62,138
66,11
123,5
13,86
77,73
144,52
123,57
118,11
121,144
21,43
37,68
125,46
109,110
144,111
47,94
21,32
83,72
85,45
148,67
51,12
75,106
119,82
71,83
105,82
137,19
96,17
46,50
37,11
149,10
73,35
142,127
109,148
12,90
2,53
97,6
121,148
46,141
131,77
125,48
73,140
33,112
90,121
92,135
113,11
93,143
32,65
67,30
83,90
45,117
49,67
56,10
46,27
59,69
94,139
16,132
102,128
110,70
31,80
144,57
133,72
25,114
11,45
58,101
60,66
110,49
29,41
13,22
145,140
112,51
58,26
48,99
74,47
53,137
118,52
50,88
136,45
124,23
115,89
33,48
50,120
64,67
94,24
43,83
40,145
51,142
109,135
17,4
64,98
42,147
126,40
94,70
19,149
52,19
52,111
32,90
83,92
75,69
149,16
49,122
82,60
78,99
80,8
19,81
128,111
10,87
3,126
42,87
15,31
120,65
43,112
28,99
146,47
105,97
113,5
83,117
60,90
94,27
131,112
142,97
108,59
21,108
27,48
66,30
119,72
101,5
131,42
133,77
141,103
94,106
82,42
118,46
33,69
141,113
113,51
78,126
40,79
56,67
3,53
129,28
57,42
70,85
92,128
124,97
18,94
25,33
76,66
86,50
62,1
46,144
148,132
142,128
131,123
49,89
33,92
122,20
143,130
51,131
32,67
95,86
66,107
141,13
139,136
109,27
79,10
132,86
136,103
107,101
77,65
66,71
113,20
62,12
136,121
104,141
114,120
99,118
13,9
46,40
64,109
51,148
135,63
63,143
111,83
98,75
85,8
53,63
122,42
40,149
91,43
90,42
106,56
36,52
29,25
130,112
136,127
104,45
69,60
7,68
128,58
61,105
77,42
32,33
132,33
120,57
100,58
80,31
142,92
88,139
110,46
123,107
96,74
35,34
135,93
56,58
52,25
136,107
13,135
137,127
2,6
107,64
102,138
51,22
104,147
66,31
66,85
121,21
69,76
81,73
140,131
45,73
69,58
132,58
121,60
138,57
39,62
106,67
32,68
32,79
132,53
11,102
79,19
146,50
101,9
100,33
99,87
99,135
83,13
27,4
86,70
59,29
134,141
10,6
115,46
142,106
84,76
74,57
80,140
102,123
4,104
23,119
32,103
79,132
4,93
95,110
55,113
36,41
148,90
99,122
52,34
34,67
95,32
136,85
3,70
57,108
58,16
72,147
64,15
56,103
56,53
57,34
120,98
88,9
65,41
58,20
113,149
129,21
142,66
24,50
139,54
50,146
33,6
25,98
105,89
120,137
119,45
32,87
53,21
56,88
33,44
17,3
122,148
92,81
118,2
137,128
101,17
111,44
127,1
23,19
89,76
111,129
3,141
103,14
55,24
47,63
33,56
3,127
102,121
113,52
101,56
114,63
10,18
141,111
93,62
73,40
81,6
93,122
145,100
61,91
66,15
144,29
27,43
41,48
109,131
141,56
25,150
52,13
42,5
106,88
86,41
60,147
78,93
57,61
41,146
57,106
19,146
78,3
61,92
140,84
137,66
131,45
131,19
144,129
12,69
31,129
73,38
1,115
21,95
14,39
93,150
108,57
142,146
15,96
83,143
100,4
105,81
107,29
98,42
97,132
33,88
138,48
66,8
99,138
25,103
1,59
138,17
73,147
52,78
35,137
34,135
12,16
134,137
133,135
89,125
63,97
20,139
50,143
92,133
139,116
108,111
106,42
8,13
16,83
121,142
13,79
26,99
1,89
145,39
105,106
147,59
9,128
74,143
26,141
5,25
68,82
21,4
34,85
146,83
50,149
97,53
18,109
148,122
27,83
79,37
115,145
15,85
134,107
88,22
37,145
120,59
122,98
5,130
25,64
8,67
141,6
5,133
81,48
117,148
119,94
26,128
149,4
84,115
60,70
103,127
68,63
138,149
73,57
16,92
115,37
56,41
94,142
16,81
74,51
21,92
63,141
30,83
57,75
50,135
56,127
97,117
96,72
70,11
2,105
108,148
35,104
97,61
22,63
92,129
74,148
22,97
9,65
35,130
116,17
43,98
128,117
63,12
35,77
106,128
130,57
116,15
42,39
57,19
4,132
10,91
35,139
89,22
143,38
19,14
145,4
103,1
22,82
45,92
145,120
112,74
91,68
18,73
148,72
13,35
147,83
77,132
56,117
34,98
8,43
32,83
53,32
78,143
128,114
121,23
69,109
101,103
90,28
52,123
47,97
78,22
133,29
73,74
26,129
20,45
68,79
19,26
23,57
45,123
143,74
78,115
52,145
53,146
32,110
65,52
56,40
31,87
103,123
139,49
76,6
147,91
75,88
124,84
28,52
128,112
59,24
148,66
50,12
100,80
29,28
128,66
29,122
100,124
78,109
30,11
88,11
89,108
88,24
130,60
9,7
103,97
52,84
23,29
98,93
146,90
15,70
135,102
63,92
69,9
109,136
38,15
7,97
73,129
133,5
95,78
11,43
122,16
124,78
16,39
50,94
129,78
122,14
112,79
96,30
148,40
115,124
93,116
1,43
1,56
105,13
147,143
15,133
61,148
33,94
86,46
1,19
46,47
78,36
8,38
36,80
117,56
37,50
22,39
137,46
36,46
86,28
86,48
132,87
135,72
106,13
69,56
117,12
70,54
148,24
136,37
80,69
121,101
74,147
73,49
61,136
130,24
70,131
86,101
96,77
49,33
56,112
124,86
45,98
138,83
40,98
98,36
101,110
79,128
66,98
98,81
95,81
6,82
145,106
127,136
81,3
39,127
69,130
62,28
144,18
17,14
60,45
12,127
75,128
56,130
55,56
33,55
136,122
139,134
38,43
38,61
100,81
55,98
145,33
7,20
87,138
41,120
68,6
63,6
112,3
81,28
110,32
82,142
101,71
45,23
84,147
124,18
112,102
57,81
121,122
12,34
121,90
54,63
113,43
137,102
98,46
78,116
43,49
4,116
48,140
74,77
58,51
127,114
141,46
124,79
61,44
147,4
70,123
61,100
64,81
25,8
113,14
86,61
33,115
128,53
102,34
112,94
70,114
132,72
126,129
5,78
104,121
37,65
33,5
49,62
20,29
81,83
42,19
30,34
18,86
64,142
138,42
119,52
2,103
31,1
80,119
39,97
77,34
40,129
142,77
120,24
90,56
132,108
10,70
4,148
67,66
6,67
84,27
86,146
149,118
77,22
69,1
19,57
139,78
144,54
103,71
91,127
149,66
2,139
137,106
16,50
117,83
119,30
49,32
98,85
141,143
17,110
116,117
118,30
38,147
118,91
146,103
29,12
45,2
29,126
124,88
73,81
70,142
107,34
64,37
16,43
69,34
143,66
72,82
52,75
65,35
28,113
59,75
95,129
109,25
5,28
105,22
102,68
105,64
68,58
23,137
72,59
8,14
23,144
32,106
4,60
115,72
83,37
111,116
4,105
42,93
51,44
31,72
55,110
99,124
35,82
29,21
132,16
89,48
21,88
37,132
116,142
52,36
67,76
77,123
18,100
105,99
49,14
94,75
44,139
54,71
34,75
51,105
41,63
81,106
90,68
44,42
13,98
123,25
67,23
51,127
120,28
108,127
58,65
121,83
92,96
39,83
69,105
116,108
100,103
132,106
125,6
11,59
51,93
85,117
81,55
108,20
138,29
81,104
107,38
99,78
104,126
121,35
91,62
49,124
16,13
3,21
78,140
87,34
105,140
59,17
21,77
27,109
6,148
140,119
59,60
96,24
117,15
67,109
46,33
91,32
143,29
86,138
72,2
69,68
131,53
141,90
91,35
3,35
19,34
124,48
33,111
71,58
115,52
49,108
74,39
99,50
131,35
64,129
1,84
127,57
137,16
37,128
59,34
120,67
99,66
110,18
149,32
95,7
34,83
146,27
19,70
128,99
44,120
26,111
91,63
52,127
4,36
34,97
17,71
129,18
40,103
118,6
68,134
7,15
59,16
92,125
51,119
1,130
100,40
47,137
117,114
7,69
36,125
105,63
78,61
66,24
5,11
88,13
24,12
15,12
12,140
50,54
76,52
75,96
95,101
32,45
61,89
43,130
56,16
124,32
130,63
37,149
70,117
135,25
136,6
133,65
18,102
139,66
69,5
47,106
146,119
40,38
92,48
22,31
100,56
61,48
91,53
148,69
139,101
74,13
78,96
116,96
113,26
16,75
30,98
121,105
75,112
119,102
18,121
49,31
101,105
145,82
94,18
98,1
22,24
111,68
79,129
142,144
100,139
146,12
82,116
103,29
8,76
6,121
146,126
149,31
50,6
138,54
53,97
15,49
137,63
13,122
66,149
27,75
140,43
11,48
80,39
99,27
13,108
99,126
71,53
34,41
16,141
42,71
58,37
43,79
21,31
85,14
101,124
113,80
52,87
136,15
111,121
138,30
114,27
8,125
95,141
79,92
146,46
7,41
20,99
79,127
45,20
102,116
133,62
132,35
143,147
103,95
140,126
38,92
83,38
28,89
101,133
83,103
140,57
39,27
62,4
132,140
13,95
68,75
115,138
86,40
80,104
111,120
132,65
94,125
14,29
23,59
136,12
39,100
133,30
79,137
56,52
70,36
113,142
96,1
146,17
92,110
111,74
56,94
116,39
138,50
144,148
140,37
109,43
138,33
7,141
61,146
18,103
134,106
24,136
124,6
120,86
63,41
43,136
140,120
143,120
86,57
100,29
135,113
52,77
139,39
25,14
60,113
148,118
27,30
38,100
19,52
55,101
64,90
82,145
95,37
31,116
35,60
94,93
85,54
148,5
88,14
28,54
129,24
120,121
50,36
55,62
87,18
141,65
72,6
117,59
24,110
143,107
140,76
16,113
5,47
99,13
70,145
113,131
111,69
5,76
120,118
103,83
57,84
35,80
148,106
136,5
14,1
21,18
108,56
3,37
64,36
32,130
15,23
20,121
98,77
71,70
131,66
133,123
32,30
93,64
69,121
69,25
30,3
2,67
13,64
53,57
25,144
136,97
60,117
8,1
139,92
124,55
88,127
56,146
119,95
64,68
65,137
117,142
102,101
131,144
61,1
24,100
30,111
8,79
13,105
99,2
96,146
136,102
20,89
15,128
16,55
106,35
49,102
57,60
5,134
20,90
147,53
145,3
110,53
76,15
79,28
61,20
136,67
117,64
121,57
56,120
92,14
54,131
38,70
12,88
33,85
117,37
129,20
136,91
60,85
72,119
76,141
59,119
1,119
17,39
125,138
58,88
51,16
4,13
89,47
117,40
101,127
134,78
15,138
129,17
14,16
123,74
37,88
144,78
78,62
72,138
64,143
48,97
126,42
140,6
68,12
23,89
38,16
93,60
34,15
63,88
122,81
126,113
137,93
30,39
145,10
80,70
120,50
140,94
80,79
21,30
3,27
103,44
142,17
126,131
59,130
90,20
139,2
6,38
58,96
71,124
3,41
122,4
114,4
82,31
68,69
106,125
64,57
34,50
94,20
137,129
38,111
86,62
98,11
111,91
109,42
18,55
12,52
83,104
41,85
83,15
141,12
47,112
54,122
16,38
128,120
21,112
46,53
18,6
71,3
100,46
79,31
63,90
128,75
87,79
87,100
7,93
148,28
128,24
14,28
102,122
94,128
117,57
28,9
63,3
38,9
34,91
51,96
90,80
11,95
19,63
117,138
22,72
108,42
99,117
71,102
139,21
24,69
66,148
139,76
103,130
69,142
52,41
54,74
8,136
132,31
133,25
149,60
79,65
23,111
121,32
73,62
139,126
16,149
53,106
126,2
42,144
138,49
111,23
89,8
130,29
87,42
122,71
7,74
48,95
124,29
111,124
23,8
1,29
48,36
7,42
74,30
91,2
44,121
70,55
147,131
64,100
117,79
149,25
88,146
25,142
26,10
82,91
109,24
42,79
140,1
138,110
144,22
5,90
108,4
117,108
52,20
36,25
99,49
134,63
83,42
83,10
38,109
70,113
118,71
111,106
8,108
134,53
44,138
124,80
59,98
99,145
138,130
51,63
135,37
92,149
82,81
90,17
60,26
80,23
119,100
74,135
93,17
21,75
39,134
110,102
19,11
67,77
123,91
7,119
88,142
112,60
143,131
78,66
97,21
80,135
26,7
29,116
109,100
131,8
44,66
51,95
38,56
133,56
14,120
127,70
79,74
126,65
32,112
6,94
85,5
39,119
7,72
94,37
7,24
137,28
39,80
35,118
99,112
15,116
110,37
57,133
113,126
30,41
31,110
104,67
124,109
51,147
20,149
21,98
87,127
96,25
12,101
116,26
77,30
34,115
11,97
105,127
128,13
148,141
33,23
21,91
83,131
34,100
23,1
37,22
70,8
146,111
40,11
123,112
104,138
30,142
30,89
53,25
87,78
124,95
121,135
86,119
146,39
7,1
87,5
51,91
34,5
139,87
23,147
133,121
40,83
118,32
116,102
47,109
142,138
116,128
146,78
57,45
79,94
47,59
40,74
36,145
112,48
114,64
75,19
97,91
90,55
21,84
122,143
140,97
87,69
16,119
87,41
94,61
5,136
99,48
94,55
62,42
49,119
89,105
23,67
26,28
18,81
145,125
145,19
29,114
116,143
97,71
111,8
63,48
141,77
74,80
92,109
92,56
21,54
47,35
139,68
125,40
111,95
37,60
54,136
62,98
148,142
143,121
56,109
17,138
123,72
62,136
136,55
42,127
74,122
131,24
92,83
17,83
16,36
114,111
10,43
53,114
63,144
122,136
10,73
148,61
103,115
41,70
43,122
32,15
111,63
41,112
23,17
61,21
101,16
104,16
135,39
76,14
100,143
75,115
78,35
48,123
72,56
93,65
21,16
40,121
100,86
132,121
134,101
100,38
13,124
46,84
105,38
69,3
90,29
145,42
1,58
70,87
66,6
8,35
125,109
2,141
138,133
76,8
111,82
139,89
33,117
3,147
65,116
126,36
101,146
43,80
111,132
65,50
117,42
82,92
144,84
118,12
6,51
125,136
66,83
65,136
129,31
48,21
78,144
13,89
72,143
60,33
1,45
102,88
51,8
20,132
112,69
54,70
9,109
2,135
58,137
59,123
54,140
102,131
27,101
108,116
17,116
46,39
80,18
134,136
20,116
125,4
138,103
126,15
32,52
111,141
85,30
130,36
136,118
146,63
107,148
45,88
53,54
106,20
140,15
115,28
123,84
22,109
71,144
25,128
67,40
120,32
116,57
46,52
117,150
62,65
23,21
98,28
71,24
74,81
122,58
62,38
33,95
138,7
50,44
3,71
89,1
93,136
149,18
18,97
141,28
132,147
112,121
75,124
51,97
91,132
142,104
116,137
123,66
146,112
43,26
94,76
144,77
97,43
34,140
142,147
145,80
86,143
10,30
70,81
139,46
130,56
125,61
69,131
147,72
80,116
110,62
75,12
42,37
143,124
9,127
57,118
124,123
130,12
23,90
63,42
114,71
70,101
42,27
35,2
45,65
110,80
105,132
33,43
2,113
133,131
95,107
8,138
23,27
51,81
74,50
127,18
9,75
30,86
126,119
80,15
44,27
27,121
142,52
9,40
8,44
95,42
70,88
25,140
32,147
85,112
54,137
107,140
30,53
5,44
2,35
56,114
34,29
72,37
80,60
103,143
69,111
20,92
71,123
18,35
101,96
112,66
149,127
101,140
114,61
110,12
119,54
138,19
51,108
92,61
34,87
130,84
28,116
103,39
27,100
72,109
41,25
42,91
78,68
54,112
99,80
52,102
77,91
39,17
68,74
12,89
147,114
68,44
102,49
15,71
61,141
148,37
126,102
96,142
33,2
112,37
97,25
112,15
89,42
110,47
52,125
92,8
92,117
58,100
35,102
110,16
91,112
42,63
32,29
16,28
80,112
10,112
94,10
12,83
63,123
78,27
97,96
71,60
116,67
118,124
148,53
20,28
21,70
147,67
136,58
105,32
58,99
42,112
42,105
16,116
110,122
45,137
100,35
48,134
44,97
20,51
82,75
59,136
40,15
97,57
107,13
91,38
122,64
137,47
3,143
21,134
93,2
23,22
75,16
132,24
143,32
18,85
130,141
107,98
76,71
28,84
119,43
126,18
47,139
142,95
126,8
2,84
115,140
58,147
135,76
107,75
140,142
125,97
104,92
134,80
144,12
85,123
100,71
29,85
42,70
43,67
41,128
34,54
142,21
131,113
86,95
14,41
37,1
28,69
40,90
97,29
148,108
64,52
96,129
113,58
12,63
46,25
40,26
149,137
13,146
8,22
138,40
119,25
103,73
105,54
146,73
32,74
134,112
128,41
15,65
52,133
105,78
24,78
131,63
51,90
21,39
122,36
47,111
44,84
135,119
93,110
11,10
24,52
43,28
128,8
17,31
115,81
33,140
121,110
127,8
19,48
147,19
67,26
21,127
36,98
104,123
114,112
37,87
53,134
112,59
87,148
61,65
48,42
147,60
126,39
145,60
107,48
17,18
16,96
145,46
144,140
131,30
100,131
77,124
126,97
20,130
33,17
8,9
138,132
90,100
111,117
87,73
35,68
74,14
55,69
12,41
99,52
26,107
121,78
117,109
142,93
25,20
49,79
77,17
46,29
95,130
16,59
141,101
70,66
116,25
112,7
4,80
6,117
29,83
25,89
15,44
145,27
17,146
29,27
81,54
74,24
127,99
146,142
47,95
7,54
17,95
126,44
34,60
128,26
42,66
148,17
126,121
14,115
100,1
44,116
31,93
55,94
102,31
60,5
94,49
61,75
67,136
61,107
137,84
90,44
9,69
88,145
65,111
90,18
40,46
136,52
149,95
36,83
83,8
100,122
71,23
106,5
122,15
12,95
61,37
31,41
51,30
138,145
91,56
139,132
109,73
32,42
107,67
83,71
74,86
46,138
14,10
110,123
35,33
86,121
9,62
89,136
107,40
147,49
64,45
45,94
73,130
4,114
74,144
1,72
16,115
66,106
110,87
137,71
132,122
77,48
7,18
126,114
14,2
140,86
110,14
37,121
111,2
44,61
128,25
126,148
99,91
135,33
41,3
80,137
141,66
11,32
107,109
95,133
82,22
15,53
34,124
39,25
38,37
84,85
3,57
148,92
56,12
8,30
124,52
94,47
36,134
70,132
124,142
96,100
62,25
75,34
103,49
72,85
111,16
132,60
49,137
113,62
8,126
94,44
130,52
47,58
91,66
10,143
94,42
114,125
120,51
1,52
27,60
126,133
32,108
75,107
39,149
18,135
50,131
39,13
65,128
58,69
72,78
88,54
135,52
138,126
87,149
26,57
148,147
137,26
114,144
92,126
147,24
29,101
115,106
143,98
32,117
101,38
51,132
106,31
93,6
42,7
24,109
109,114
120,77
123,56
75,72
87,121
7,34
65,121
113,64
113,91
82,99
16,15
122,103
148,91
103,17
81,19
84,8
68,148
63,74
106,38
48,85
84,102
130,133
8,104
134,28
37,33
13,2
130,2
46,121
34,133
90,113
109,146
80,38
15,28
112,92
25,119
140,117
92,107
79,64
83,59
147,34
24,84
58,15
24,7
82,28
70,5
93,94
37,84
132,63
49,12
25,84
58,72
61,33
93,72
58,122
13,70
58,117
62,68
104,46
75,29
8,100
71,103
137,38
113,45
146,129
111,115
23,109
109,22
95,51
98,92
49,123
102,80
16,69
91,40
101,36
99,1
11,53
53,136
34,148
59,10
139,95
1,86
5,80
113,125
48,66
61,79
128,30
123,140
16,111
90,6
81,8
113,116
87,99
90,129
105,111
6,44
68,30
112,105
10,63
71,77
20,66
83,53
49,107
28,22
74,67
11,5
45,120
56,82
14,101
70,97
127,82
82,147
14,60
108,147
137,32
92,122
145,84
75,86
126,22
127,143
53,72
70,107
149,50
34,53
127,26
60,146
99,128
97,66
35,135
83,108
26,32
32,126
138,111
104,112
52,59
107,22
70,118
83,23
121,120
50,67
137,60
119,129
71,84
121,132
73,112
73,122
97,125
145,57
45,24
7,92
14,62
1,24
6,136
113,46
93,28
23,64
12,31
102,59
38,143
59,20
97,70
4,62
37,63
79,119
124,149
133,37
32,94
99,31
22,26
64,76
96,49
104,132
72,122
59,108
53,125
67,5
112,104
38,53
147,62
85,36
41,133
34,52
9,43
75,32
34,146
5,129
113,111
17,125
47,13
60,52
32,11
43,148
78,7
88,147
108,1
2,57
67,117
96,52
64,122
23,74
94,56
144,58
72,28
137,116
73,17
123,34
144,134
4,82
46,143
38,59
67,69
37,10
59,71
53,62
119,2
28,128
11,100
20,143
13,4
108,125
72,51
108,85
117,45
91,6
149,134
9,91
88,77
141,17
128,115
89,52
133,34
105,104
43,56
119,79
32,80
42,100
61,115
35,64
132,109
114,79
109,44
77,122
117,132
45,124
133,20
34,134
89,77
80,45
69,10
95,75
10,51
111,96
123,36
105,53
88,6
55,14
1,93
85,93
111,84
15,99
99,73
40,95
61,135
147,138
110,94
129,40
131,36
63,54
84,91
114,53
93,61
149,74
79,146
144,115
49,100
89,71
109,55
71,142
1,4
53,15
17,69
88,94
119,14
10,131
99,88
30,101
137,86
124,107
8,90
106,130
80,108
55,28
129,65
85,71
139,113
51,5
17,27
90,135
19,38
102,3
147,61
115,119
22,64
98,110
46,111
52,8
96,15
131,140
99,100
59,90
6,132
30,93
113,129
50,117
87,53
95,11
26,142
106,70
123,143
39,121
81,87
8,145
86,79
33,138
38,26
97,55
14,49
112,87
80,96
49,142
110,129
44,89
15,7
31,133
1,81
47,93
109,18
143,3
109,149
111,80
95,140
107,8
14,26
136,123
46,131
111,42
136,142
102,27
105,95
16,105
147,18
70,146
70,14
96,86
133,128
4,90
67,131
146,14
140,82
149,113
18,128
23,10
143,39
4,115
86,26
6,50
45,50
108,134
125,15
59,5
19,119
110,51
68,10
130,114
128,130
15,135
117,47
28,41
138,114
36,14
133,78
97,76
37,90
23,110
116,148
40,101
73,31
7,63
98,61
139,79
104,25
109,33
127,141
123,137
26,29
98,65
65,51
109,122
66,50
133,27
39,19
21,94
148,50
51,43
130,40
66,105
11,117
144,91
133,108
56,74
21,76
79,63
16,17
136,53
143,142
6,80
12,2
34,126
75,95
59,36
67,70
136,64
91,130
23,145
72,80
86,103
106,112
105,144
5,6
73,1
80,61
148,82
46,38
122,65
105,126
65,7
136,28
5,81
28,90
8,32
137,49
84,23
92,141
117,70
75,83
54,102
52,7
33,139
71,114
130,148
12,114
138,122
79,149
97,113
44,123
137,125
23,142
40,142
50,109
139,102
111,130
75,142
115,127
85,107
15,146
65,63
16,70
82,87
23,128
52,39
118,62
1,14
87,143
9,24
4,2
36,149
136,73
43,48
61,125
83,34
43,88
10,28
130,48
98,3
101,54
5,58
14,140
55,132
75,81
24,28
149,26
62,135
127,30
105,20
76,109
106,124
34,112
115,14
98,33
120,1
25,9
71,28
112,89
91,125
144,41
81,131
63,139
79,11
65,71
58,75
55,92
92,22
72,118
14,48
122,108
92,101
91,133
42,18
15,69
45,33
82,73
34,56
22,144
116,105
106,94
125,44
120,148
46,119
128,4
10,83
141,114
139,147
123,51
35,85
117,3
59,3
91,145
3,63
9,58
59,72
127,98
52,140
25,120
14,82
31,130
99,76
146,4
17,81
18,20
124,22
86,120
132,11
116,97
141,109
90,119
116,69
44,68
112,120
118,43
122,40
53,86
7,111
3,108
40,67
99,25
36,53
51,66
57,20
4,83
141,9
123,53
77,38
51,124
120,61
76,135
88,45
18,67
116,109
145,85
138,105
85,94
133,144
134,14
135,77
138,78
3,139
130,89
87,94
20,145
108,84
134,143
132,100
92,134
144,121
124,1
19,103
12,61
7,83
136,39
116,37
45,86
1,147
147,90
4,34
62,145
36,31
36,72
34,71
49,110
26,60
91,23
115,11
103,3
78,86
48,112
74,140
148,98
67,2
130,1
8,106
144,23
104,5
120,70
35,94
83,56
137,132
123,32
64,19
118,68
54,42
71,54
91,99
61,90
52,122
3,117
79,113
7,110
60,96
136,119
146,101
4,76
110,93
100,68
115,62
141,139
143,48
89,96
65,53
127,47
68,66
56,43
118,23
47,115
87,107
96,12
4,138
87,104
108,67
129,1
114,66
137,141
102,106
97,41
67,103
132,43
38,68
88,25
71,4
57,97
9,76
120,17
22,59
101,46
62,33
99,107
60,39
60,149
137,81
95,144
60,123
86,22
46,150
52,136
113,67
105,15
59,28
103,7
86,129
17,141
147,13
82,143
61,68
11,63
113,61
82,15
22,21
36,124
115,58
106,87
120,42
131,58
12,74
49,127
62,137
101,86
122,51
113,109
21,105
78,87
65,12
22,138
40,130
144,85
26,8
91,121
100,21
20,40
120,119
84,116
109,113
135,7
75,59
85,146
120,132
119,56
138,100
52,42
59,99
134,125
19,144
121,71
53,60
11,93
82,131
75,74
62,43
59,57
108,83
8,98
68,88
135,86
105,102
91,97
29,140
50,85
39,106
143,17
105,72
38,93
87,16
103,4
87,112
110,69
11,50
106,24
147,50
92,112
21,9
115,97
139,38
25,1
77,70
94,53
11,52
111,54
107,58
141,57
85,96
41,37
69,114
56,8
73,54
34,47
29,76
129,71
142,102
64,39
115,147
137,90
31,63
117,11
121,68
132,20
92,21
38,36
93,51
140,51
134,98
1,21
57,123
141,122
68,1
73,106
76,55
88,36
148,60
24,90
77,54
42,142
120,35
34,43
13,88
137,36
30,16
118,109
107,106
106,12
94,6
30,5
88,71
18,33
136,93
10,92
3,115
147,88
140,110
65,77
29,88
3,121
96,88
111,3
88,23
72,13
22,12
22,28
36,106
38,150
138,144
34,145
137,54
33,3
125,25
102,62
147,86
60,22
77,33
32,36
50,71
56,80
65,101
134,33
27,102
106,148
128,134
65,15
39,73
72,106
67,140
94,82
102,2
47,72
32,3
147,84
73,75
138,15
130,127
89,73
137,121
133,116
25,110
131,147
60,114
51,49
47,61
134,52
131,72
32,57
110,48
23,65
25,56
144,20
140,50
102,89
129,58
122,83
138,28
61,27
16,82
128,74
147,150
80,58
14,56
54,14
123,59
27,19
90,32
31,17
111,119
75,23
84,49
120,107
132,127
126,58
103,43
60,137
69,87
58,19
99,114
26,100
42,96
56,73
82,70
72,3
80,132
42,140
121,80
34,89
106,82
91,105
143,71
2,129
9,102
77,82
98,29
4,85
53,75
145,115
14,121
83,133
2,13
25,134
115,27
51,32
143,30
139,16
126,143
115,104
56,28
120,46
15,66
100,61
99,120
100,7
114,105
31,10
78,88
121,106
69,71
123,11
144,7
44,67
93,1
2,92
111,94
37,32
38,4
123,115
104,29
10,104
149,61
83,30
17,37
103,12
54,55
77,26
67,149
129,119
82,106
91,65
94,72
83,78
23,56
123,22
18,90
60,51
84,32
94,133
139,122
141,35
78,49
44,114
99,45
4,11
103,58
64,30
118,17
21,116
112,11
31,54
3,36
80,90
131,103
22,108
64,133
74,94
16,18
31,111
21,97
13,80
149,3
143,10
117,38
126,46
107,136
109,12
16,122
30,32
135,107
68,110
72,136
106,10
128,136
41,42
12,43
143,100
80,17
6,59
145,133
35,4
103,28
17,50
115,44
107,61
117,134
144,64
113,70
26,124
114,84
107,142
73,104
112,62
61,101
72,90
46,76
136,80
113,13
101,7
35,58
147,68
119,1
130,11
112,57
6,27
73,9
132,76
81,17
112,78
18,60
118,37
145,51
37,102
108,106
2,94
92,77
100,89
34,13
45,59
101,129
138,69
47,16
126,99
66,7
135,60
38,124
56,72
19,78
25,100
104,87
110,36
69,95
81,2
25,115
119,4
8,129
110,92
82,17
64,110
20,17
141,60
35,131
93,108
85,11
60,31
65,103
146,58
142,141
3,136
46,112
84,31
51,71
114,6
101,130
145,139
94,123
46,99
67,14
16,8
129,102
137,27
95,69
69,44
89,146
113,100
58,47
3,125
76,43
75,1
27,41
105,49
14,86
115,40
104,144
137,92
126,34
19,84
11,3
146,56
5,72
7,30
49,129
138,72
142,36
3,97
24,87
64,70
116,127
141,85
7,8
61,109
57,28
83,49
56,107
96,91
96,138
73,150
55,57
85,37
76,47
16,102
114,12
124,36
3,106
125,118
143,109
147,78
98,20
101,134
82,24
53,69
79,125
123,147
32,111
143,106
124,139
47,68
77,35
112,56
116,136
43,39
12,149
142,76
23,49
90,128
54,20
39,141
58,76
119,107
12,47
23,139
47,135
19,97
82,39
116,70
104,148
96,10
55,97
64,126
25,69
143,86
1,76
89,130
103,30
78,106
20,79
107,97
87,65
97,123
129,148
112,147
126,50
55,25
97,149
24,104
105,146
110,35
149,110
20,61
2,74
126,14
115,84
86,56
84,53
70,109
61,87
107,131
80,10
110,31
68,91
66,103
2,29
143,1
72,139
70,140
40,146
35,121
41,106
48,121
28,134
36,113
110,97
72,74
93,35
21,63
42,57
141,48
133,71
83,63
20,100
80,115
115,4
67,91
120,80
21,25
35,143
112,30
142,126
30,51
2,104
45,93
120,78
147,129
99,108
11,29
10,22
53,124
108,47
108,88
87,132
9,15
99,94
147,43
133,31
24,6
114,37
25,27
97,27
75,78
145,36
38,135
12,126
103,101
7,51
56,54
47,43
19,140
75,44
37,126
72,88
61,72
106,58
148,47
34,19
88,15
77,21
47,1
19,53
54,17
58,144
143,72
19,72
76,59
43,4
75,50
95,63
119,104
40,136
76,77
134,23
34,69
51,29
84,139
123,95
42,104
138,141
148,85
111,143
26,115
109,91
48,8
147,82
143,85
28,74
128,84
30,145
142,61
8,118
16,84
128,17
112,116
124,129
71,40
45,5
80,118
121,115
108,7
65,75
81,50
81,25
144,136
14,90
51,94
135,148
18,122
95,142
62,31
145,35
33,146
100,12
142,130
90,70
123,86
10,128
36,49
115,31
84,20
116,38
70,19
62,150
112,133
41,99
52,79
127,115
140,79
78,16
8,69
8,20
80,44
101,63
38,44
28,39
19,37
25,148
126,128
48,124
115,126
139,135
52,5
18,140
133,60
118,78
145,146
140,5
45,62
25,81
121,126
72,83
141,39
97,87
121,43
137,110
85,87
82,93
145,73
62,79
76,72
18,77
59,82
79,78
73,115
132,99
46,104
110,149
124,145
106,23
69,13
45,7
77,28
47,21
132,94
87,55
95,58
113,82
124,96
100,6
101,77
38,105
25,3
141,41
78,6
82,76
89,11
7,9
101,93
4,41
85,148
27,110
149,82
137,14
3,90
34,136
137,21
16,51
46,66
68,43
31,138
84,82
11,71
110,22
82,38
102,85
1,54
105,135
123,70
96,89
123,40
56,132
133,61
11,133
103,112
1,41
113,78
107,66
45,70
125,110
43,50
46,120
131,22
46,103
23,54
23,31
1,7
25,88
33,116
19,91
14,50
53,35
11,104
38,84
110,118
139,96
49,53
21,15
145,132
135,12
31,97
138,58
73,20
101,123
94,111
62,27
120,45
57,54
100,90
59,50
98,140
120,72
53,84
42,114
114,20
73,103
44,108
76,28
42,85
77,47
144,17
96,16
60,4
13,55
111,142
80,130
65,130
114,24
40,31
37,146
18,74
28,60
81,57
44,83
29,57
4,141
96,3
37,139
134,34
63,11
12,125
56,106
116,56
99,127
102,92
56,9
38,66
74,105
36,22
52,54
70,17
31,7
43,144
59,131
61,97
73,136
128,73
117,25
9,11
78,147
10,117
39,145
53,12
134,24
146,24
131,17
7,25
131,136
4,8
56,110
70,21
91,1
53,51
108,29
29,33
57,93
123,125
12,134
5,83
118,114
95,109
104,14
73,126
21,72
45,96
71,92
8,34
130,46
1,22
139,77
39,55
43,53
44,134
8,77
14,73
13,3
120,149
27,46
48,75
78,102
81,126
58,78
13,112
77,80
63,108
8,58
117,72
148,134
81,37
79,99
85,4
11,70
22,105
137,97
11,121
75,48
66,3
42,8
77,14
6,139
100,48
49,126
134,10
61,34
67,93
17,8
8,18
135,31
102,96
129,12
137,105
99,33
26,116
19,136
83,45
14,53
91,70
31,18
124,39
33,31
14,32
119,147
32,12
65,90
95,21
31,107
97,139
102,26
1,139
128,64
124,57
57,21
104,71
91,44
145,81
73,149
113,65
120,55
7,61
100,54
33,119
111,52
143,2
77,23
101,19
8,39
23,34
13,17
93,109
32,70
51,2
90,75
132,95
108,81
105,25
23,143
29,130
26,23
43,42
6,102
101,15
117,81
109,9
82,118
95,99
51,27
19,7
124,58
145,2
121,79
103,141
81,86
112,49
42,20
69,94
46,58
13,24
41,61
38,5
131,76
100,137
116,11
113,55
111,101
50,133
108,62
52,47
86,110
114,88
100,96
59,39
126,25
137,109
3,132
16,104
67,6
28,121
100,123
90,51
8,115
35,29
95,149
118,143
92,23
1,47
4,92
141,132
121,52
19,124
29,38
46,135
109,145
82,62
3,14
37,18
79,13
115,17
103,53
10,98
32,118
137,55
69,30
57,12
87,130
13,28
48,51
80,13
108,38
140,65
121,49
114,137
16,146
68,47
26,91
61,8
22,88
20,86
5,107
57,46
81,5
127,95
32,60
39,86
1,83
111,18
58,70
62,92
114,7
48,107
8,27
132,2
136,140
121,81
12,108
149,9
131,96
13,63
132,102
14,8
9,33
71,139
148,143
142,53
45,82
77,144
138,88
66,109
75,82
65,100
42,2
140,7
133,92
46,139
127,54
141,92
103,126
90,16
121,62
64,16
63,148
61,103
75,52
101,23
53,126
18,125
29,23
9,93
149,64
110,139
94,35
51,70
138,137
49,9
64,144
84,148
149,19
67,27
128,15
121,26
58,107
72,17
79,114
49,95
91,90
73,105
34,111
16,91
73,132
37,69
42,141
140,38
35,5
55,135
90,89
81,99
17,123
119,133
141,24
98,119
6,95
93,92
48,110
93,44
4,125
62,16
96,9
120,88
45,134
11,136
76,65
70,122
25,113
93,54
24,40
77,87
3,24
74,131
25,90
84,41
100,50
54,138
61,59
69,101
2,66
143,75
117,18
37,115
51,52
85,88
47,7
130,102
56,31
77,66
145,123
132,4
71,66
36,103
63,24
72,97
5,138
96,57
122,90
144,16
67,20
38,76
118,20
51,39
107,36
23,26
16,139
48,3
8,141
132,21
137,61
89,139
79,52
19,30
28,146
73,108
94,96
77,58
46,61
124,140
77,148
17,121
127,138
139,47
124,101
36,141
75,43
59,7
63,16
129,115
130,115
129,85
32,122
106,16
124,121
77,112
17,124
30,107
15,77
39,103
116,83
55,99
55,11
127,100
141,107
126,12
64,22
114,21
100,8
55,15
75,40
18,108
99,121
115,29
141,62
10,26
105,70
105,41
20,3
27,3
22,11
76,139
68,2
93,95
124,102
17,91
19,44
105,26
8,10
30,36
70,84
128,44
35,14
106,68
5,109
79,21
83,145
110,60
11,86
74,132
7,14
108,138
143,28
29,123
64,3
11,20
89,32
13,103
29,97
54,9
139,99
114,117
116,58
109,67
17,33
31,88
95,1
101,79
81,35
17,56
60,84
109,14
65,123
98,147
126,64
70,27
145,134
22,33
5,19
18,69
3,29
35,30
8,78
133,122
38,116
139,37
61,67
90,64
91,117
126,96
35,147
123,129
118,77
33,60
29,19
100,111
10,114
74,1
1,11
147,134
145,21
6,130
55,72
42,55
70,1
122,133
2,86
137,17
130,49
36,148
39,7
95,54
18,41
26,86
120,74
77,43
131,82
116,63
90,136
4,87
149,6
124,111
127,149
21,73
94,68
3,129
121,95
54,27
133,103
132,12
31,78
132,125
134,67
10,56
141,121
12,5
107,80
18,87
60,20
67,115
113,38
119,122
34,48
136,96
101,147
15,20
15,110
116,42
132,51
133,24
49,72
89,81
107,24
118,49
144,45
146,44
69,97
51,72
51,28
140,116
57,147
19,133
75,113
90,72
18,53
22,5
112,149
40,43
41,14
47,120
116,124
51,69
127,110
51,17
9,8
134,7
79,1
88,114
13,53
50,18
88,117
69,39
103,16
97,128
38,14
4,65
40,39
27,122
148,133
115,22
125,93
40,102
20,138
76,68
4,68
18,3
95,97
125,64
122,91
107,83
80,121
21,61
116,85
122,100
77,3
120,144
88,84
86,18
95,111
64,93
123,81
6,99
75,135
27,6
7,80
63,69
42,98
103,96
61,144
3,133
148,59
50,7
97,114
13,43
125,77
55,13
117,149
94,149
80,149
5,115
89,18
21,50
106,145
106,86
36,54
38,125
55,7
95,118
85,19
20,120
120,47
76,1
118,130
128,50
23,113
148,149
82,130
93,31
19,71
91,9
67,129
36,62
69,48
144,101
75,85
13,138
12,14
15,94
54,100
59,61
66,61
11,2
49,52
9,44
87,46
17,85
47,69
132,46
124,33
65,57
119,58
50,37
42,84
121,38
143,123
61,85
41,67
138,37
135,15
105,5
4,143
50,110
2,32
141,27
78,30
13,130
90,85
37,74
3,42
88,7
100,62
69,61
70,56
126,79
4,35
111,48
70,125
49,93
41,94
98,111
149,139
34,139
26,2
30,44
70,6
68,55
93,53
76,10
7,100
86,108
100,9
42,35
122,84
119,149
77,101
59,134
24,9
103,34
63,91
79,20
61,6
68,122
135,81
1,138
117,8
126,75
20,146
85,12
116,99
115,95
65,126
105,85
16,140
48,62
144,96
149,102
39,30
92,67
134,50
16,47
126,117
37,24
138,2
123,104
148,48
5,99
114,36
125,90
143,145
140,125
106,39
67,121
56,89
12,46
119,81
41,136
12,105
1,78
7,70
95,6
12,81
88,49
11,119
31,56
82,86
58,64
1,34
103,135
60,108
130,69
120,76
50,102
13,58
60,124
16,138
38,71
23,101
42,132
25,65
127,37
46,89
104,7
58,62
100,64
52,60
85,122
121,22
39,139
24,32
77,117
75,22
71,59
103,104
130,134
54,106
142,25
93,56
20,44
22,95
64,61
145,49
121,7
36,136
18,54
109,6
24,45
92,132
3,77
90,5
117,86
131,149
147,92
72,128
72,84
124,91
97,5
82,12
96,27
119,146
49,47
144,80
89,137
77,16
72,127
70,34
6,12
38,12
36,75
18,26
75,123
2,111
65,81
145,94
142,94
57,82
8,144
145,64
124,56
40,134
130,125
86,21
72,102
1,94
63,149
118,136
30,97
99,116
122,126
48,76
44,75
72,19
35,53
88,56
29,124
107,4
115,80
45,25
24,112
132,42
56,144
61,69
126,105
142,88
80,134
136,42
72,38
2,99
94,114
86,63
142,145
94,137
32,149
117,135
133,15
122,48
13,92
94,124
21,69
124,15
147,93
4,29
111,148
134,4
91,92
4,89
63,111
76,114
95,121
7,128
54,59
140,106
101,21
61,78
97,47
32,119
144,89
68,135
80,87
149,76
105,52
15,38
126,81
38,137
81,36
57,3
9,100
78,117
126,61
58,35
97,146
143,63
87,93
120,21
80,25
106,18
28,8
59,26
33,29
67,138
78,131
45,64
101,72
109,132
26,1
70,75
31,131
33,45
31,13
71,14
103,137
141,31
135,50
66,28
97,48
90,110
147,87
115,63
69,79
50,114
109,141
131,133
94,79
118,99
129,29
110,79
143,64
22,122
60,42
120,71
35,22
37,124
112,85
49,51
60,18
50,28
16,87
106,138
3,112
60,49
41,16
130,38
125,32
116,88
68,23
119,16
4,72
73,47
58,130
63,17
132,39
104,32
96,32
128,139
124,5
89,135
28,92
57,104
145,98
22,62
134,38
125,83
131,115
88,96
24,107
61,127
78,40
77,84
10,45
9,83
2,132
89,86
107,94
7,112
148,25
134,146
137,107
56,143
65,42
128,147
38,86
20,73
49,111
125,79
17,20
137,140
39,113
144,4
35,148
81,16
59,49
91,95
15,88
81,85
51,107
70,4
82,61
43,114
20,115
64,95
2,107
7,31
54,148
23,69
126,147
30,149
114,123
41,87
85,13
6,73
137,23
66,72
113,145
25,28
8,49
50,10
143,87
79,111
140,18
20,117
4,46
114,50
113,77
71,10
136,77
58,11
135,128
40,73
53,65
55,112
129,99
147,1
141,51
86,89
6,140
102,114
103,52
136,25
108,128
77,104
94,5
14,6
46,57
58,74
15,1
97,13
39,130
72,93
49,68
140,121
71,43
1,30
146,70
96,119
70,105
20,94
125,74
120,129
110,52
72,134
36,57
8,4
132,96
18,47
46,71
100,106
64,56
29,49
11,30
114,94
93,142
23,93
60,67
11,18
108,105
12,72
100,53
10,34
141,105
99,93
102,50
129,117
104,143
146,69
36,123
51,59
88,53
14,89
81,32
133,3
11,115
111,49
111,98
87,90
121,72
48,32
70,76
47,31
79,66
4,27
109,49
134,5
8,51
77,67
83,76
92,44
60,27
75,97
91,58
135,58
6,46
5,32
133,132
82,98
125,119
39,95
21,59
105,29
124,62
145,63
41,124
75,9
119,136
35,32
130,74
146,94
92,86
68,113
41,107
79,62
146,57
45,19
22,57
145,43
70,7
111,33
103,107
103,63
110,140
45,52
46,26
84,33
52,14
55,46
48,128
79,27
89,97
52,132
135,47
60,111
28,106
63,83
106,79
33,106
84,86
6,112
13,109
27,124
142,118
146,120
77,19
22,47
128,96
138,51
27,134
10,42
45,125
122,116
98,5
94,32
78,119
149,27
54,52
63,46
56,57
69,6
33,4
131,93
43,25
89,88
139,125
45,108
9,146
139,34
137,143
49,19
106,72
46,74
88,149
126,43
70,79
37,6
6,105
143,33
118,104
25,15
87,109
48,60
79,102
16,37
46,77
15,103
144,38
89,57
13,75
95,89
59,137
44,21
148,104
54,107
10,133
18,143
135,130
10,127
106,3
145,119
55,78
45,105
131,99
13,140
126,146
50,141
120,79
106,43
110,9
79,23
76,46
18,93
67,43
54,146
93,106
36,55
30,48
78,98
82,67
43,135
148,79
42,139
146,115
3,46
1,146
130,58
46,83
60,44
86,34
125,149
143,46
47,34
39,102
43,89
47,79
107,120
47,78
107,12
11,85
47,71
142,103
106,101
67,10
64,85
85,27
71,94
111,35
125,70
54,47
15,143
43,9
145,129
19,116
47,64
98,139
79,88
19,35
116,104
51,130
121,136
65,109
107,135
92,102
91,111
77,95
30,114
122,9
110,54
105,93
22,74
44,132
22,51
39,120
126,89
130,92
53,92
147,39
35,44
100,44
87,31
84,63
26,122
9,110
102,103
139,27
124,87
84,150
26,54
16,61
91,116
148,2
44,24
59,53
138,85
99,96
6,133
82,107
145,74
109,71
24,51
94,78
5,54
29,17
135,105
115,64
6,96
43,90
46,63
68,29
109,32
44,137
103,118
66,68
105,73
61,145
43,99
135,29
30,75
73,53
145,50
82,112
133,138
135,42
111,71
52,149
96,133
83,107
41,98
65,84
46,132
102,141
147,48
136,141
21,22
65,23
127,22
135,120
49,42
62,29
86,132
63,34
137,87
133,115
21,58
125,26
57,4
70,53
22,42
145,109
71,73
134,54
134,3
2,96
25,72
116,80
55,122
26,127
96,48
76,115
55,70
128,34
89,69
84,99
144,66
73,119
49,29
89,2
45,22
133,2
134,75
134,124
125,103
122,12
128,23
136,51
50,87
9,50
73,26
27,73
1,140
22,127
34,33
106,48
135,85
18,66
93,84
15,60
71,48
96,128
20,72
57,77
28,29
4,12
14,110
61,143
14,132
24,75
49,45
86,53
111,125
145,99
41,17
40,78
104,39
62,26
147,96
75,94
24,37
23,14
78,71
145,110
109,26
137,83
110,41
48,26
148,103
77,141
18,40
31,73
97,7
91,15
89,65
116,87
13,66
25,93
110,108
69,59
19,100
130,137
113,86
70,147
48,19
28,58
2,97
138,18
78,52
7,117
1,61
9,27
34,113
111,56
117,16
51,141
98,59
72,50
38,52
61,130
146,41
71,27
29,113
59,21
125,71
23,39
75,13
149,142
80,111
93,24
106,149
127,94
102,72
97,131
148,58
8,86
96,120
98,50
10,134
31,117
7,19
90,144
96,18
148,136
113,150
58,46
63,4
4,120
100,127
94,98
12,115
118,113
7,124
97,81
5,103
48,106
56,33
147,75
34,57
75,66
139,11
4,59
93,131
91,147
90,61
119,86
144,116
145,76
26,18
95,83
35,20
25,37
50,52
89,70
42,51
135,55
73,48
41,24
90,34
60,121
124,144
74,34
24,1
121,100
108,74
106,109
80,56
9,5
146,68
76,127
144,51
120,31
109,99
126,26
117,17
94,131
16,32
31,19
122,132
15,5
8,95
40,54
144,146
53,131
87,19
127,49
46,14
46,7
54,2
119,26
48,73
132,128
123,6
149,35
128,101
38,45
144,107
105,51
7,98
51,133
5,145
97,94
110,77
137,96
58,45
9,73
10,74
71,57
129,103
95,23
28,94
3,59
58,92
119,57
44,127
118,149
85,90
36,39
81,149
45,118
11,87
63,2
53,28
137,104
96,131
15,140
54,26
11,40
61,149
40,47
73,55
20,128
132,68
31,11
6,64
27,72
54,61
7,79
42,121
24,29
26,6
3,40
15,82
11,47
67,50
20,49
112,98
114,40
112,126
24,16
118,105
141,108
36,119
107,52
85,23
95,76
115,108
103,124
145,32
73,45
64,89
4,40
73,101
114,68
5,34
28,35
16,95
25,53
115,118
99,62
29,39
119,96
23,83
37,27
28,57
149,85
145,23
51,21
85,95
133,137
57,91
3,62
106,132
40,93
79,120
130,77
87,122
78,111
23,124
31,69
65,46
142,32
34,18
123,43
106,76
96,149
32,144
77,83
23,94
83,44
63,96
147,27
116,8
33,28
72,5
98,53
63,13
149,133
115,12
88,118
22,119
54,129
12,58
56,6
37,64
37,41
88,37
133,97
42,45
94,145
69,145
145,114
39,31
93,85
19,77
65,39
128,5
27,126
65,95
140,46
31,113
45,104
72,73
141,135
129,48
110,6
35,123
29,67
84,132
118,31
29,73
72,107
93,148
113,10
51,146
6,54
77,96
134,40
130,94
26,38
53,143
15,33
138,6
91,115
87,38
20,24
92,45
51,9
39,104
9,74
16,128
81,31
141,81
21,128
48,53
139,83
85,66
25,54
76,87
25,39
3,134
29,137
36,33
18,115
140,139
135,19
121,70
104,17
124,126
40,100
21,35
80,94
122,142
17,41
77,145
33,74
134,16
91,80
122,82
61,123
17,2
121,14
24,55
39,60
99,79
122,43
21,13
39,45
78,90
87,10
123,28
146,35
8,46
74,89
3,104
100,95
59,133
117,141
106,91
149,68
128,38
42,67
71,8
128,31
140,147
20,109
67,22
92,98
11,84
86,85
85,55
75,20
122,99
64,84
61,4
20,131
84,117
55,5
1,31
52,104
12,32
11,28
115,74
142,4
93,9
33,42
5,100
145,147
16,126
72,70
51,113
136,62
62,82
8,75
95,116
98,124
86,90
25,77
67,84
147,113
102,53
94,9
97,73
89,111
121,85
148,96
138,64
83,81
28,95
20,47
52,114
3,85
20,75
133,139
122,134
42,12
29,55
125,141
70,103
61,18
52,98
78,139
95,105
78,84
105,98
38,34
73,19
87,26
34,16
13,97
144,62
87,24
64,7
26,46
149,103
63,76
111,29
16,26
140,27
132,134
93,87
122,8
17,65
122,112
43,85
67,24
80,67
141,137
49,98
139,73
46,97
34,26
76,62
51,74
36,7
147,106
111,100
101,138
109,57
129,3
136,111
110,73
120,89
23,140
110,101
99,111
45,54
141,118
43,128
13,144
75,146
48,31
84,100
23,45
143,108
16,124
125,13
64,86
85,135
98,70
96,42
95,94
15,121
66,73
145,78
141,134
33,70
133,43
111,93
48,131
99,75
67,59
104,37
51,118
48,94
32,27
36,121
98,108
6,77
76,3
93,73
101,144
119,70
25,127
113,87
52,35
51,46
120,39
146,34
77,86
109,4
56,49
122,77
145,138
63,75
80,145
49,141
99,89
95,29
86,23
4,70
72,42
15,139
23,115
68,76
78,19
143,77
82,146
105,44
144,24
70,139
90,21
86,44
109,87
127,66
138,67
8,146
49,16
38,60
87,4
24,3
126,138
78,121
109,60
121,66
143,60
115,110
100,99
139,3
12,20
76,130
69,146
127,132
9,2
68,130
50,21
97,150
100,94
77,120
67,57
59,118
5,87
63,51
145,104
57,101
125,21
39,76
84,4
74,107
88,1
13,25
136,137
95,8
119,87
27,139
149,30
127,48
127,148
63,142
47,85
75,136
28,20
20,14
131,120
104,85
96,11
96,55
48,13
59,91
6,72
31,29
14,13
2,140
12,97
146,149
26,25
30,85
112,145
57,148
4,127
127,111
110,84
38,48
115,117
19,148
10,21
105,77
86,75
23,98
76,24
51,149
139,81
114,48
93,83
144,72
143,24
40,7
109,41
88,113
12,145
142,34
77,102
69,86
29,84
79,42
129,81
82,133
61,19
96,102
146,55
54,95
43,94
35,47
84,112
34,101
143,83
61,88
46,67
121,111
17,86
16,74
27,115
33,8
128,39
53,147
123,58
93,29
6,14
90,10
68,99
102,81
102,8
47,80
94,120
127,104
24,70
94,31
34,73
110,68
147,146
31,34
138,124
131,18
17,24
42,9
24,49
109,23
88,32
114,70
135,143
67,90
111,147
34,61
48,71
63,72
9,46
37,138
105,119
47,143
82,34
137,11
120,140
148,74
124,27
33,89
47,22
59,64
52,65
86,130
30,100
62,148
69,41
71,112
82,137
112,97
128,47
123,15
10,2
16,31
47,54
120,116
145,143
144,87
113,136
75,17
14,87
127,56
69,83
135,57
102,4
13,137
143,128
1,17
110,25
44,119
89,90
15,40
91,129
21,40
86,99
47,140
51,47
16,45
20,111
52,81
7,132
43,34
82,110
134,135
10,16
132,54
108,48
18,131
117,147
98,88
68,114
19,87
22,69
136,114
117,113
84,108
23,38
99,70
83,110
87,45
25,71
56,51
69,28
89,4
4,74
18,136
40,141
148,87
108,145
92,95
77,125
48,100
99,86
25,117
46,106
108,144
26,83
35,51
29,9
107,68
104,21
128,10
55,22
38,39
102,15
126,17
47,41
109,53
90,87
143,11
148,1
91,57
115,70
84,43
127,113
45,57
31,146
77,11
6,129
66,39
105,130
44,16
50,119
62,91
2,51
135,118
33,129
1,87
71,129
50,25
19,110
146,32
40,58
119,8
8,111
139,146
85,82
102,56
5,56
58,49
21,93
45,142
16,145
2,60
114,143
120,85
40,91
106,89
94,8
78,82
60,134
62,117
147,128
39,147
94,122
73,95
70,92
52,58
136,50
125,17
112,47
122,45
18,32
57,47
82,65
38,72
71,90
4,21
145,12
106,74
118,72
17,129
125,51
28,78
75,130
45,130
115,94
140,141
56,147
128,104
3,128
69,143
91,134
32,20
73,14
87,13
149,136
65,28
25,135
113,89
16,125
51,87
118,44
135,146
145,37
53,37
13,91
26,72
95,66
122,101
75,18
118,57
15,150
99,34
33,50
54,128
7,2
42,78
37,148
115,76
36,34
144,98
9,39
100,114
28,141
108,143
92,53
43,117
120,40
125,84
50,128
87,64
21,48
80,37
54,1
109,68
56,13
31,38
44,144
18,4
28,118
62,129
66,10
17,42
8,56
86,126
73,84
65,29
104,93
136,132
10,142
124,68
79,72
60,48
140,90
134,59
121,89
99,90
43,91
111,50
49,78
23,73
11,13
42,123
53,142
45,43
121,2
37,103
55,75
97,31
107,73
28,77
101,80
101,61
42,131
142,133
7,127
55,144
82,6
33,124
83,82
37,135
56,136
149,40
108,107
96,93
136,63
113,68
120,133
8,55
28,144
87,14
11,107
5,119
146,121
132,18
132,130
2,119
147,2
129,4
78,5
50,3
102,66
21,144
62,21
63,130
80,123
144,92
113,84
108,131
26,30
51,15
79,12
75,119
58,90
106,133
104,102
95,5
96,45
132,5
139,60
112,128
121,98
6,26
21,52
38,24
122,89
58,128
120,2
122,54
68,119
55,21
130,80
83,6
3,137
84,126
72,35
87,63
136,112
138,80
6,47
115,86
47,2
48,34
50,23
69,122
131,102
48,83
136,149
122,26
139,70
137,75
28,81
82,105
21,107
38,91
82,122
32,44
13,1
67,8
21,111
27,92
83,98
145,111
41,40
42,97
17,52
98,31
98,56
67,44
48,57
69,99
37,45
144,11
113,95
85,70
104,11
119,33
8,74
26,140
45,119
95,31
105,91
98,136
27,123
123,88
40,2
110,109
103,89
54,99
108,124
132,50
19,17
141,40
98,141
21,139
15,113
95,145
12,44
92,49
108,141
30,95
39,77
25,23
104,6
70,93
61,106
100,113
56,85
107,85
91,30
2,83
94,22
6,19
1,106
149,11
29,112
143,22
91,8
133,100
133,6
94,103
123,33
140,21
96,82
96,14
3,86
147,54
100,104
102,35
125,76
130,109
3,76
41,20
110,5
109,119
68,126
149,117
40,20
69,75
40,62
121,77
133,13
125,127
122,37
93,127
83,123
95,119
86,136
38,102
58,33
105,67
91,60
129,63
104,63
15,87
42,143
85,63
67,15
17,47
16,135
78,113
83,51
8,60
57,22
55,120
17,108
9,92
11,144
64,27
102,47
61,45
74,11
65,135
109,77
6,20
71,110
146,42
19,128
66,124
95,98
37,53
84,123
143,54
30,136
140,87
23,87
120,75
65,44
114,93
119,75
42,47
108,149
130,122
144,2
7,66
82,149
87,80
45,44
145,149
146,148
56,124
10,20
13,26
97,39
43,145
114,90
73,27
115,79
128,3
42,89
10,60
89,83
40,125
148,76
98,137
17,113
72,55
125,116
129,86
139,44
13,133
100,67
99,101
8,139
11,114
17,64
63,37
120,128
6,109
38,140
6,134
106,129
104,59
87,98
72,54
39,65
123,19
13,54
115,47
8,113
99,28
30,140
6,91
112,81
125,78
149,138
65,37
114,135
125,68
109,40
41,69
36,50
45,133
92,28
4,5
99,56
128,71
106,11
84,21
20,25
57,64
111,72
103,32
99,43
61,113
98,51
132,137
46,85
146,89
91,20
124,24
18,30
71,79
41,79
69,93
29,132
68,117
79,96
42,128
42,77
4,38
68,28
42,101
72,113
43,35
89,5
87,27
70,143
101,117
38,142
49,85
107,63
127,23
97,98
43,70
79,91
125,142
114,80
12,129
111,118
30,19
1,109
124,135
67,19
50,46
93,26
81,116
53,100
135,84
142,24
56,99
111,9
126,100
47,38
71,55
50,127
82,20
4,101
100,107
2,43
134,88
75,98
46,128
144,113
104,3
133,55
5,113
95,49
119,126
91,86
25,105
146,138
103,111
70,74
24,148
71,5
86,83
115,133
25,92
136,98
124,54
137,10
53,119
18,65
103,8
32,76
103,122
69,16
70,135
13,45
93,96
12,36
55,53
93,36
137,51
90,67
53,16
85,72
109,101
60,75
146,105
83,80
48,29
92,34
69,107
11,101
35,136
74,32
28,43
50,125
110,78
24,26
90,8
83,124
62,45
7,62
86,115
74,72
124,134
41,39
121,25
83,127
91,59
114,34
15,34
109,17
30,73
11,143
33,118
128,124
66,52
8,97
45,136
110,143
20,134
102,149
52,99
104,22
85,41
115,54
29,64
89,40
27,148
117,92
85,101
17,148
140,123
54,92
6,39
93,74
78,45
42,116
3,33
133,80
127,78
110,33
3,47
96,44
144,65
83,19
40,75
104,66
71,33
11,22
38,108
82,128
131,106
125,143
124,30
95,48
103,145
107,71
25,13
146,113
78,132
47,37
38,40
146,11
136,54
9,86
94,2
75,70
16,143
101,26
145,17
110,116
107,93
139,12
110,106
37,35
46,56
79,122
85,100
101,68
95,45
88,138
122,86
70,52
53,90
33,47
77,88
50,137
76,128
89,67
96,51
104,30
149,37
139,107
63,44
126,62
24,119
84,81
34,94
103,10
83,57
132,44
23,20
96,87
71,105
122,23
133,143
122,107
32,82
50,38
93,10
145,59
62,71
32,43
36,140
120,106
138,113
13,36
134,68
83,138
84,69
68,57
109,144
75,100
103,81
29,138
125,67
128,22
112,53
9,57
5,46
127,11
12,26
4,134
68,80
122,1
10,1
111,77
67,143
8,103
104,118
49,64
138,140
23,97
132,107
36,60
82,7
85,56
94,116
110,66
13,33
16,136
117,53
107,111
36,101
147,89
29,135
23,51
23,2
57,109
49,96
12,117
144,59
114,99
5,68
130,85
46,30
119,77
29,102
77,93
5,18
131,52
149,23
21,79
137,29
147,94
118,69
117,19
55,71
67,134
120,13
74,37
31,43
91,36
39,74
119,63
130,64
3,43
26,106
20,102
108,80
93,47
69,32
82,101
49,101
21,24
21,86
119,106
35,37
80,143
76,21
104,61
72,29
19,56
143,15
103,2
80,1
140,29
15,2
87,91
77,2
86,54
80,117
124,49
19,79
104,99
3,79
138,10
18,141
109,56
19,20
51,80
124,38
16,44
7,88
128,18
6,75
127,76
129,122
8,16
144,26
106,9
6,122
29,82
28,53
111,136
21,110
29,144
64,94
129,7
36,3
85,2
8,101
9,107
103,5
119,47
23,150
81,24
119,23
111,60
34,32
15,80
62,20
2,9
62,95
60,2
7,84
5,73
15,79
37,123
81,127
57,92
21,115
143,25
87,140
70,68
50,116
86,3
95,50
1,77
147,140
130,72
40,70
107,149
40,76
92,80
52,112
64,123
112,55
108,115
46,146
51,64
29,90
50,79
113,34
149,93
42,30
98,25
92,64
101,114
136,128
73,71
101,30
34,150
14,119
29,98
128,122
46,148
50,68
65,88
15,58
130,98
70,61
48,125
48,77
89,109
134,18
46,60
95,127
123,145
107,89
116,129
34,9
80,72
19,122
97,127
47,91
23,123
67,80
79,25
16,121
101,107
76,44
148,14
12,62
26,71
19,125
12,146
140,107
40,77
31,8
89,113
56,36
73,63
53,109
134,44
109,70
94,23
124,125
57,2
51,85
2,45
40,117
86,6
135,106
110,85
35,109
129,68
89,43
26,69
89,110
11,98
93,126
63,126
22,111
113,42
50,30
111,21
41,81
78,53
6,142
44,8
112,139
7,46
118,126
100,13
45,84
78,9
15,56
81,146
12,59
106,123
60,56
12,106
50,62
21,20
96,79
24,4
135,101
136,46
40,16
109,45
64,140
13,68
148,128
21,71
131,64
4,26
62,126
35,96
101,91
48,37
148,46
140,135
77,94
145,144
19,104
133,141
77,32
101,81
12,50
7,144
41,50
43,75
107,124
109,103
131,104
133,54
23,48
141,11
92,146
124,143
24,71
113,6
91,28
61,131
121,58
1,53
7,47
68,101
148,49
92,70
121,130
11,106
34,20
52,131
80,75
31,66
81,145
66,23
116,43
72,144
110,58
81,93
32,121
67,112
82,16
9,135
39,89
149,69
131,78
148,116
123,93
127,128
66,125
68,7
37,25
25,41
129,39
76,64
43,65
120,15
23,32
141,148
66,117
78,125
121,19
48,147
145,68
108,19
130,93
20,54
124,81
127,97
89,85
79,103
5,96
45,128
54,113
36,114
45,91
68,39
139,18
114,49
61,58
35,46
107,27
122,128
90,9
23,131
148,35
136,65
108,44
15,17
75,131
67,135
4,44
109,134
102,145
13,61
136,125
20,4
116,68
104,124
41,12
69,26
11,6
128,150
61,66
26,149
69,85
29,115
99,21
116,40
98,22
98,41
121,139
63,136
93,20
143,51
124,103
113,81
16,106
90,47
141,8
99,147
59,58
86,65
93,37
22,135
98,130
45,103
35,16
51,136
44,136
111,134
81,122
38,88
68,65
136,113
16,65
93,12
61,50
125,30
146,28
85,74
106,60
28,122
136,41
20,74
146,6
17,30
102,20
121,119
80,127
74,68
77,109
94,39
44,133
34,77
28,1
43,138
16,20
11,33
57,10
47,26
47,107
69,96
128,35
55,89
141,89
87,56
122,47
130,54
77,114
114,29
33,99
32,91
115,19
15,104
67,95
33,73
35,26
29,127
93,67
90,102
108,91
106,90
145,93
21,37
100,66
108,93
138,90
61,111
6,8
109,93
78,149
70,136
116,41
89,117
63,104
83,14
42,11
73,135
17,5
146,18
109,88
88,129
52,55
10,121
24,101
19,27
148,8
83,5
114,19
10,58
140,4
68,48
63,128
27,116
119,88
66,114
111,59
135,14
26,105
10,41
123,35
55,49
126,132
29,139
13,78
63,129
148,83
146,9
96,126
82,56
115,109
109,108
108,58
142,48
146,85
93,30
4,147
55,119
109,74
78,91
62,60
45,113
110,105
24,53
32,140
65,43
108,121
102,54
79,29
17,104
118,70
131,111
11,112
59,84
59,18
79,34
57,52
82,2
79,40
128,51
61,23
63,127
107,72
54,73
78,69
97,46
28,40
56,92
74,136
89,103
31,132
32,138
39,63
65,1
13,49
77,9
135,67
115,139
86,91
10,88
28,55
125,132
149,141
95,136
35,49
108,109
102,25
41,60
104,120
94,45
134,89
122,69
73,52
121,16
66,82
35,112
82,41
73,68
81,107
119,143
133,75
33,37
114,131
132,25
74,44
134,66
125,102
63,98
129,100
97,58
59,124
47,128
117,14
27,137
97,148
72,95
27,130
92,147
119,17
23,138
26,97
107,84
55,59
55,30
140,58
9,95
111,53
26,101
87,9
130,53
109,129
16,48
20,95
80,100
33,98
132,41
117,66
62,5
142,41
5,12
75,49
105,128
53,112
49,144
9,51
46,4
34,40
113,72
109,65
53,76
29,141
134,36
144,69
114,91
20,119
88,70
146,8
147,136
134,109
89,30
66,54
132,104
2,31
134,11
37,117
18,15
22,120
134,127
137,40
93,123
58,6
16,127
7,82
130,7
38,117
39,18
133,147
63,53
134,49
24,133
147,28
25,36
73,133
91,55
31,139
31,23
92,88
97,19
26,145
126,134
85,18
50,81
72,32
122,130
119,68
79,45
72,1
123,89
22,76
114,25
11,99
72,104
41,129
143,139
35,127
63,78
142,73
22,90
139,143
74,53
121,117
145,8
20,46
51,125
86,73
61,84
41,147
72,81
45,8
89,13
27,111
88,44
18,82
73,79
11,139
2,98
41,26
8,148
127,63
106,52
11,110
114,116
132,131
146,110
48,17
149,5
12,13
85,29
113,23
8,41
66,88
12,70
132,105
82,148
95,65
48,118
60,97
132,28
55,52
125,7
58,44
89,148
82,40
39,5
120,127
43,37
77,4
64,28
6,78
45,109
87,82
124,73
80,136
111,28
35,11
103,26
10,106
106,62
85,10
51,7
73,138
91,10
116,92
58,63
79,2
45,3
106,98
76,133
142,99
136,126
112,58
117,77
100,32
143,45
68,144
120,112
149,55
121,48
135,30
15,27
25,79
33,97
1,50
1,9
1,5
1,117
1,112
1,35
1,79
1,105
1,18
1,99
1,62
1,10
1,36
1,85
1,60
1,102
1,143
1,88
1,13
1,20
1,133
1,149
1,97
1,23
1,80
1,64
1,40
1,44
1,57
1,107
1,120
1,74
1,75
1,91
1,65
1,32
1,134
1,111
1,103
1,150
1,100
1,118
1,8
1,55
1,114
1,126
1,108
1,127
1,73
1,124
